{"file_sizes" : [70369,138011,208164,261427,340411,400687,476550,554870,596926,689598,733052,796765,863864,930692,998565,1080990,1149826,1211222,1291055,1343712,1419306,1483594,1567683,1619435,1673421],
"lexer_times" : [0.00120067596436,0.00347431500753,0.00535996754964,0.00935904184977,0.0126469930013,0.0127130349477,0.011864344279,0.0160470803579,0.0149676799774,0.018311659495,0.0242916742961,0.0210729440053,0.0265285968781,0.0331012407939,0.029754002889,0.0387827555339,0.0332966645559,0.0413666566213,0.047314008077,0.0399843851725,0.0446019967397,0.0409635702769,0.0446150302887,0.0537454287211,0.0589067935944],
"parser_times" : [0.0389467080434,0.079820394516,0.123106559118,0.164534330368,0.222195386887,0.270650704702,0.341281652451,0.406756639481,0.460259358088,0.538335959117,0.614907344182,0.691237688065,0.782167991002,0.889402707418,0.969150622686,1.08826986949,1.17685166995,1.31642023722,1.44054969152,1.53762332598,1.68058005969,1.81182003021,1.96075145404,2.12476825714,2.28930926323]}
