{"file_sizes" : [70369,138011,208164,261427,340411,400687,476550,554870,596926,689598,733052,796765,863864,930692,998565,1080990,1149826,1211222,1291055,1343712,1419306,1483594,1567683,1619435,1673421],
"lexer_times" : [0.00120306015015,0.00323295593262,0.0054759979248,0.00867700576782,0.00816702842712,0.0147149562836,0.0236151218414,0.0214838981628,0.0142440795898,0.0166358947754,0.0307800769806,0.0217168331146,0.0254530906677,0.025622844696,0.0340940952301,0.0342578887939,0.0501339435577,0.0465199947357,0.0484611988068,0.0491740703583,0.0607969760895,0.0587010383606,0.0566248893738,0.0623540878296,0.0595610141754],
"parser_times" : [0.0556421279907,0.115156888962,0.165142774582,0.220710992813,0.300604104996,0.365758180618,0.436662912369,0.518677949905,0.599159002304,0.707939147949,0.802994966507,0.891412973404,0.984488010406,1.09420681,1.2021780014,1.32941293716,1.48533797264,1.61776590347,1.73298120499,1.87812018394,2.06736707687,2.19333314896,2.36163306236,2.53638601303,2.72146010399]}
