{"file_sizes" : [70369,138011,208164,261427,340411,400687,476550,554870,596926,689598,733052,796765,863864,930692,998565,1080990,1149826,1211222,1291055,1343712,1419306,1483594,1567683,1619435,1673421],
"lexer_times" : [0.00142804781596,0.00392357508341,0.00913858413696,0.0107716719309,0.00929697354635,0.0107016563416,0.0135613282522,0.0179742972056,0.0174334049225,0.0213490327199,0.0244396527608,0.0223944187164,0.0304073492686,0.0279726187388,0.0319602489471,0.0384035110474,0.0404533545176,0.0484653313955,0.0448745886485,0.0508352915446,0.0555420716604,0.0545939604441,0.0630864302317,0.0630869070689,0.0709439913432],
"parser_times" : [0.0456247329712,0.0851956208547,0.121071974436,0.155544042587,0.195373058319,0.234671672185,0.272154887517,0.316876252492,0.334956010183,0.377745628357,0.413345416387,0.452330350876,0.506941397985,0.519130945206,0.566342671712,0.617899258931,0.650537331899,0.692102988561,0.72456463178,0.769582351049,0.797984759013,0.84249774615,0.873767058055,0.919247627258,0.940900087357]}
