{"file_sizes" : [70369,138011,208164,261427,340411,400687,476550,554870,596926,689598,733052,796765,863864,930692,998565,1080990,1149826,1211222,1291055,1343712,1419306,1483594,1567683,1619435,1673421],
"lexer_times" : [0.0012722492218,0.00356340408325,0.00487380027771,0.00670299530029,0.00946846008301,0.0109992742538,0.0130380868912,0.0175671339035,0.0188049554825,0.0211416244507,0.0219764709473,0.0258979558945,0.0285921812057,0.0309144973755,0.0343606233597,0.0380332231522,0.0396536827087,0.0459574460983,0.0447608232498,0.0458705186844,0.055207324028,0.0545700788498,0.057283616066,0.0608322143555,0.060725235939],
"parser_times" : [0.0513652801514,0.126874279976,0.22596154213,0.345711660385,0.525008153915,0.720247364044,0.98936958313,1.35364499092,1.69748549461,2.24289579391,2.75424110889,3.40503232479,4.18036587238,5.056366539,6.05726978779,7.10348932743,8.3702917099,9.74278604984,10.8803908348,12.229702425,14.4949792624,15.9024908781,18.7129155159,20.3114897013,21.4339456081]}
