{"file_sizes" : [70369,138011,208164,261427,340411,400687,476550,554870,596926,689598,733052,796765,863864,930692,998565,1080990,1149826,1211222,1291055,1343712,1419306,1483594,1567683,1619435,1673421],
"lexer_times" : [0.00126663843791,0.00293962160746,0.00519267717997,0.00700998306274,0.00997734069824,0.0144999821981,0.0114859739939,0.0162825584412,0.0194756984711,0.0197654565175,0.0234444141388,0.0264713764191,0.0267953872681,0.0314149856567,0.0328793525696,0.0325624148051,0.0377532641093,0.0441693464915,0.049657424291,0.0511436462402,0.0499693552653,0.0482233365377,0.0539529323578,0.062482992808,0.0584200223287],
"parser_times" : [0.0490814050039,0.101885318756,0.159617344538,0.220975001653,0.298326333364,0.362468322118,0.451124986013,0.555108308792,0.649890025457,0.76501194636,0.859942992528,0.994841734568,1.12971433004,1.28173398972,1.43838294347,1.62750792503,1.81039889654,2.03681254387,2.28254191081,2.50710860888,2.8380929629,3.04122837385,3.39189998309,3.70512398084,4.06953597069]}
