{"file_sizes" : [70369,138011,208164,261427,340411,400687,476550,554870,596926,689598,733052,796765,863864,930692,998565,1080990,1149826,1211222,1291055,1343712,1419306,1483594,1567683,1619435,1673421],
"lexer_times" : [0.0014545917511,0.00347503026326,0.00647036234538,0.00846831003825,0.0104560057322,0.0102032820384,0.0108523368835,0.0159347057343,0.0185562769572,0.0218664010366,0.022838751475,0.027419646581,0.0284756819407,0.026616970698,0.0322209993998,0.0360660552979,0.0348643461863,0.0430646737417,0.0476233164469,0.0415055751801,0.0473047097524,0.0543773969014,0.0643782615662,0.0543186664581,0.0583069324493],
"parser_times" : [0.0460879802704,0.0950980186462,0.144779364268,0.197285890579,0.261902968089,0.328405618668,0.404469410578,0.48814423879,0.559263944626,0.656009038289,0.728001276652,0.831593990326,0.93176762263,1.02776797613,1.14089369774,1.27943730354,1.39832027753,1.54225341479,1.70205958684,1.81726725896,1.98403819402,2.15067696571,2.36218794187,2.48318473498,2.67246898015]}
