{"file_sizes" : [70369,138011,208164,261427,340411,400687,476550,554870,596926,689598,733052,796765,863864,930692,998565,1080990,1149826,1211222,1291055,1343712,1419306,1483594,1567683,1619435,1673421],
"lexer_times" : [0.00119868914286,0.00326601664225,0.00937167803446,0.00688529014587,0.00960262616475,0.00997829437256,0.0185284614563,0.0163306395213,0.0178556442261,0.0195949872335,0.0241577625275,0.0268414020538,0.0255595842997,0.0275500615438,0.0355955759684,0.0336163043976,0.034049987793,0.035302956899,0.0450969537099,0.047711054484,0.0491009553274,0.0484704176585,0.0551385879517,0.0529357592265,0.0628353754679],
"parser_times" : [0.0454854170481,0.0900330543518,0.137365976969,0.188060363134,0.260897318522,0.311298688253,0.382588624954,0.463894685109,0.528684695562,0.609866380692,0.692476987839,0.788331985474,0.879862229029,0.997144063314,1.11292505264,1.22074770927,1.34477670987,1.47086207072,1.63089076678,1.76555037498,1.91019090017,2.06121102969,2.25017619133,2.40838201841,2.59363540014]}
