{"file_sizes" : [70369,138011,208164,261427,340411,400687,476550,554870,596926,689598,733052,796765,863864,930692,998565,1080990,1149826,1211222,1291055,1343712,1419306,1483594,1567683,1619435,1673421],
"lexer_times" : [0.00151960055033,0.00386095046997,0.00600830713908,0.00792543093363,0.0115223725637,0.0109566052755,0.011573712031,0.0265997250875,0.0275253454844,0.0231422583262,0.0341553688049,0.0274947484334,0.0274909337362,0.0362764199575,0.0382053057353,0.0398730436961,0.0376723607381,0.0545082887014,0.0603115558624,0.0449829101562,0.0467393398285,0.0583036740621,0.054745276769,0.0587103366852,0.0580495993296],
"parser_times" : [0.0394265651703,0.0820945103963,0.125511725744,0.170200030009,0.225408315659,0.28425304095,0.345524946849,0.420915365219,0.478831688563,0.573439757029,0.624704440435,0.720856984456,0.836340347926,0.908270359039,0.987665335337,1.102542003,1.21648708979,1.35541240374,1.47067538897,1.58640257517,1.72864635785,1.88616768519,2.04025435448,2.19382596016,2.35855937004]}
