{"file_sizes" : [70369,138011,208164,261427,340411,400687,476550,554870,596926,689598,733052,796765,863864,930692,998565,1080990,1149826,1211222,1291055,1343712,1419306,1483594,1567683,1619435,1673421],
"lexer_times" : [0.00168633460999,0.00471844673157,0.0046247959137,0.00868306159973,0.00965003967285,0.00988249778748,0.0108444213867,0.0165945529938,0.0173302173615,0.0187211513519,0.025616979599,0.0238716125488,0.0221708297729,0.0293417930603,0.030464553833,0.0298638820648,0.0350078582764,0.038383436203,0.0398135662079,0.0432112216949,0.0446117401123,0.0519953727722,0.0541682243347,0.0563724040985,0.0614151954651],
"parser_times" : [0.0382378101349,0.0739413738251,0.112430429459,0.138601016998,0.177315425873,0.215066862106,0.25207400322,0.296343421936,0.313587379456,0.351048326492,0.384192562103,0.427653169632,0.450937747955,0.49574637413,0.527173757553,0.552412843704,0.590747785568,0.623302841187,0.65931096077,0.685267400742,0.726423549652,0.768256998062,0.808520364761,0.831213855743,0.869497537613]}
