{"file_sizes" : [70369,138011,208164,261427,340411,400687,476550,554870,596926,689598,733052,796765,863864,930692,998565,1080990,1149826,1211222,1291055,1343712,1419306,1483594,1567683,1619435,1673421],
"lexer_times" : [0.00125279426575,0.00308561325073,0.00616321563721,0.00664820671082,0.0101451873779,0.0101682186127,0.0119839668274,0.0150527954102,0.0143089771271,0.0189596176147,0.017985200882,0.023282623291,0.025529384613,0.0290750026703,0.0307486057281,0.0339952468872,0.034365606308,0.0354803085327,0.0430329799652,0.0438665390015,0.0464558124542,0.0448564052582,0.0494349956512,0.0502780914307,0.0562510490417],
"parser_times" : [0.0273009777069,0.0523303508759,0.0730103492737,0.0968215465546,0.122192525864,0.1404774189,0.179504966736,0.197143554688,0.212419223785,0.245947265625,0.252658033371,0.282153367996,0.300825595856,0.331652402878,0.346802997589,0.376184129715,0.392171382904,0.418020582199,0.442530441284,0.463608360291,0.493733978271,0.506556940079,0.539157867432,0.553286600113,0.572704410553]}
