{"file_sizes" : [70369,138011,208164,261427,340411,400687,476550,554870,596926,689598,733052,796765,863864,930692,998565,1080990,1149826,1211222,1291055,1343712,1419306,1483594,1567683,1619435,1673421],
"lexer_times" : [0.00128817558289,0.00317239761353,0.00554265975952,0.00630140304565,0.0094705581665,0.00934820175171,0.0148978710175,0.0150512218475,0.0150543689728,0.0170625209808,0.0205414295197,0.0268972396851,0.0238715648651,0.0256902217865,0.0297731399536,0.0330845355988,0.0351350307465,0.0364861488342,0.0453458309174,0.0450073242187,0.0441216468811,0.051263999939,0.0480206489563,0.0559062480927,0.0531513214111],
"parser_times" : [0.0221475124359,0.0437555789948,0.0630218029022,0.0804167747498,0.100976610184,0.122759532928,0.143665838242,0.170687866211,0.186644458771,0.200697565079,0.215809869766,0.236372613907,0.25821146965,0.27906908989,0.299216270447,0.324032211304,0.331042766571,0.352780485153,0.385452413559,0.393429946899,0.417415332794,0.444761562347,0.449003362656,0.473633432388,0.489487028122]}
